student_id,exam_folder,session_path,session_exists,grade,grade_binary,ACC_loaded,BVP_loaded,EDA_loaded,HR_loaded,TEMP_loaded,IBI_loaded,ACC_n_samples,BVP_n_samples,EDA_n_samples,HR_n_samples,TEMP_n_samples,IBI_n_samples,ACC_duration_seconds,BVP_duration_seconds,EDA_duration_seconds,HR_duration_seconds,TEMP_duration_seconds,IBI_duration_seconds,BVP_count,BVP_mean,BVP_std,BVP_min,BVP_max,BVP_median,BVP_q25,BVP_q75,BVP_iqr,BVP_slope,BVP_energy,BVP_absdiff_mean,EDA_count,EDA_mean,EDA_std,EDA_min,EDA_max,EDA_median,EDA_q25,EDA_q75,EDA_iqr,EDA_slope,EDA_energy,EDA_absdiff_mean,HR_count,HR_mean,HR_std,HR_min,HR_max,HR_median,HR_q25,HR_q75,HR_iqr,HR_slope,HR_energy,HR_absdiff_mean,TEMP_count,TEMP_mean,TEMP_std,TEMP_min,TEMP_max,TEMP_median,TEMP_q25,TEMP_q75,TEMP_iqr,TEMP_slope,TEMP_energy,TEMP_absdiff_mean,IBI_count,IBI_mean,IBI_std,IBI_min,IBI_max,IBI_median,IBI_q25,IBI_q75,IBI_iqr,IBI_slope,IBI_energy,IBI_absdiff_mean,IBI_event_gap_count,IBI_event_gap_mean,IBI_event_gap_std,IBI_event_gap_min,IBI_event_gap_max,IBI_event_gap_median,IBI_event_gap_q25,IBI_event_gap_q75,IBI_event_gap_iqr,IBI_event_gap_slope,IBI_event_gap_energy,IBI_event_gap_absdiff_mean
S1,Final,/Users/parsa/Desktop/projects/github/Attention-Based-Stress-Prediction-Wearables/Data/S1/Final,True,182.0,1,True,True,True,True,True,True,748686,1497375,93582,23387,93584,2168,23396.40625,23396.46875,23395.25,23386.0,23395.75,20709.369833946228,1497375,0.00028049085900325936,44.792392975151856,-1631.49,2659.68,0.02,-3.47,3.35,6.82,1.1414349449832968e-09,2006.3584685191083,3.338435521118973,93582,0.10292479984398711,0.08339095200581007,0.0,0.440778,0.028189,0.025627,0.189637,0.16401,-1.922578747289212e-06,0.017547565299360125,0.0016473200756563831,23387,106.12150895796812,18.716388526647776,62.28,174.85,108.28,91.17,118.55,27.379999999999995,0.001515773816805016,11612.077862996535,0.41428461472675954,93584,26.184411010429134,3.8496201859827712,17.19,31.21,24.11,22.81,29.95,7.140000000000001,-8.87204819765984e-05,700.4429555394084,0.006041695607108134,2168,0.5644068533210332,0.08009846197560622,0.32814,1.062549,0.562526,0.515649,0.609403,0.093754,3.8788244807255314e-05,0.32497085968660794,0.05684962251961236,2167,9.5567004309858,108.20014703977411,0.3281397819519043,4650.697257041931,0.5781519412994385,0.5312738418579102,0.7031569480895996,0.17188310623168945,0.010789549325534109,11798.602342556342,15.489268032467596
S1,Midterm 1,/Users/parsa/Desktop/projects/github/Attention-Based-Stress-Prediction-Wearables/Data/S1/Midterm 1,True,78.0,1,True,True,True,True,True,True,357702,715407,44712,11169,44712,300,11178.15625,11178.21875,11177.75,11168.0,11177.75,10536.919820785522,715407,-0.0008630052543517185,5.831476213450221,-394.11,283.96,-0.03,-0.56,0.49,1.05,-7.177127538744947e-09,34.0061155728138,0.33695031911949297,44712,0.32590895987654317,0.5200988174418691,0.0,2.8638,0.161724,0.024347,0.215277,0.19093,-2.161141142875956e-06,0.3767194300322412,0.00518302710742323,11169,103.11374697824334,26.303593037249865,57.0,194.47,97.57,83.48,115.92,32.44,-0.00316443014625893,11324.32382256245,0.29862643266475647,44712,26.418378958668814,2.214726287150017,22.49,28.73,27.59,23.59,28.13,4.539999999999999,0.00012455741046115998,702.8357593308284,0.003549014783833955,300,0.50731484,0.12070859338448554,0.312514,1.250057,0.500023,0.421894,0.562526,0.14063199999999998,0.00022473508994544405,0.27193891140108667,0.08931221070234112,299,35.24053451767733,63.541224929367154,0.312514066696167,352.1567449569702,1.9532139301300049,0.5312745571136475,45.69740450382233,45.16612994670868,-0.03393687471722978,5279.382538616037,49.87759764642524
S1,Midterm 2,/Users/parsa/Desktop/projects/github/Attention-Based-Stress-Prediction-Wearables/Data/S1/Midterm 2,True,82.0,1,True,True,True,True,True,True,356376,712745,44544,11127,44544,1290,11136.71875,11136.625,11135.75,11126.0,11135.75,10321.44120502472,712745,0.0006350518067471705,52.19401987539121,-1425.95,2815.23,-0.06,-7.14,6.83,13.969999999999999,5.31091328777387e-09,2724.2157111560236,4.375764636391186,44544,0.11658823646282328,0.09582595460267802,0.0,0.598382,0.10635,0.024345,0.197325,0.17298,-5.290459207065608e-07,0.022775430457025705,0.0015683474171025748,11127,110.99448009346635,22.612554631012742,61.05,192.68,112.32,96.19,122.47,26.28,0.0011924335924967577,12831.102238159432,0.37384235124932597,44544,27.12920797413793,4.940544325683721,16.25,32.73,28.55,22.47,32.39,9.920000000000002,4.583238365581129e-05,760.4029035380747,0.006242058235861966,1290,0.5153094224806202,0.056756686969939324,0.312514,1.125051,0.515649,0.484397,0.5469,0.06250300000000003,1.562035859421867e-06,0.26876512241311395,0.04756812723041117,1289,8.00732444144664,44.19305636267961,0.3437659740447998,1172.3349130153656,0.5312740802764893,0.5000228881835938,0.5937769412994385,0.09375405311584473,-0.0007659023906138235,2017.143475385566,12.090385074941269
S2,Final,/Users/parsa/Desktop/projects/github/Attention-Based-Stress-Prediction-Wearables/Data/S2/Final,True,180.0,1,True,True,True,True,True,True,810780,1621554,101346,25327,101344,8402,25336.84375,25336.765625,25336.25,25326.0,25335.75,19042.19976902008,1621554,0.0002518078337200115,68.16822292486026,-1798.65,2823.9,0.27,-11.57,14.37,25.939999999999998,9.03174630724205e-10,4646.90661679685,7.627771833544757,101346,0.07829630200501253,0.09594577316151497,0.0,0.733188,0.016657,0.015376,0.121993,0.106617,-1.781496924330678e-06,0.015335902295221015,0.0015336227046228233,25327,119.90186559797843,21.711149835840526,69.8,201.67,114.95,105.38,134.38,29.0,0.0019447142625397598,14847.831401070003,0.47081892126668257,101344,28.182078465424688,6.144943855214543,17.99,36.07,23.77,23.01,35.65,12.639999999999997,-0.00013011552277958452,831.9898816150932,0.004306562860779736,8402,0.565890017376815,0.05599926975560987,0.32814,1.062549,0.562526,0.531274,0.593777,0.06250299999999998,7.480053282819666e-06,0.3233674299798936,0.03328809689322699,8401,2.266658703609104,56.568448576771615,0.3437647819519043,5122.0469579696655,0.5625259876251221,0.5312740802764893,0.6094028949737549,0.07812881469726562,0.0005412149873920883,3205.1271160615015,3.183637271353177
S2,Midterm 1,/Users/parsa/Desktop/projects/github/Attention-Based-Stress-Prediction-Wearables/Data/S2/Midterm 1,True,82.0,1,True,True,True,True,True,True,383496,766997,47934,11975,47936,600,11984.21875,11984.3125,11983.25,11974.0,11983.75,11490.525973081589,766997,-0.0016041522978577501,13.794408856817151,-420.13,331.52,0.01,-0.55,0.57,1.12,-1.2481397480157397e-08,190.2857182823401,0.5814497337665385,47934,0.16454142616931614,0.25629167431969924,0.0,1.73418,0.080996,0.012814,0.214262,0.20144800000000002,5.310537328868073e-07,0.0927593032514273,0.0030749879832265873,11975,111.4595198329854,32.890043116857264,57.33,206.12,103.27,87.05,128.17,41.11999999999999,-0.0037161159199141786,13504.979497628392,0.33980958743945217,47936,28.694811415220293,4.5965341435325024,22.61,34.31,29.17,23.47,33.83,10.36,0.0002058448606527282,844.5203282877169,0.0032235318660686425,600,0.5332014416666667,0.1374720862132016,0.312514,1.437566,0.531274,0.468771,0.578151,0.10937999999999998,3.767370595473905e-05,0.3032023518832217,0.08501535225375625,599,19.182848035194638,49.768363882161545,0.3125138282775879,541.4310328960419,0.5781519412994385,0.5156488418579102,9.008225083351135,8.492576241493225,-0.06083617798610524,2844.871702248612,27.91087210656807
S2,Midterm 2,/Users/parsa/Desktop/projects/github/Attention-Based-Stress-Prediction-Wearables/Data/S2/Midterm 2,True,85.0,1,True,True,True,True,True,True,444318,888635,55536,13875,55536,2108,13884.90625,13884.90625,13883.75,13874.0,13883.75,13504.055636882782,888635,0.00043480169023272554,50.82189920228465,-1080.2,1104.66,0.7,-6.68,6.1,12.78,2.8338344971614045e-09,2582.8654387162337,4.571381603674854,55536,0.12559881131158168,0.18727908665233517,0.0,2.146993,0.023065,0.015377,0.183241,0.16786399999999999,-1.3892914625734349e-06,0.05084851770021515,0.0024804359412982807,13875,106.65148900900903,22.16058552196999,64.27,204.27,101.77,94.37,113.27,18.89999999999999,0.0005609430727891737,11865.631658515316,0.32645740233530346,55536,27.873337654854513,5.622528210284471,15.19,35.16,26.27,23.17,34.55,11.379999999999995,-7.425092976619805e-05,808.5357754969748,0.005220491581885305,2108,0.6120491494307401,0.08708981897995348,0.312514,1.140677,0.609403,0.562526,0.65628,0.093754,1.519035693252943e-05,0.3821887978888534,0.05260237636449929,2107,6.409138887936773,44.128246392890404,0.312514066696167,1051.5481340885162,0.6250278949737549,0.5781519412994385,0.6875309944152832,0.10937905311584473,0.0038522617173989172,1988.3791909965091,9.392041791651437
S3,Final,/Users/parsa/Desktop/projects/github/Attention-Based-Stress-Prediction-Wearables/Data/S3/Final,True,188.0,1,True,True,True,True,True,True,826308,1652607,103284,25812,103288,1080,25822.09375,25821.96875,25820.75,25811.0,25821.75,13375.424752950668,1652607,0.0005326432721148657,122.90879056053873,-2605.58,2369.2,0.18,-10.41,11.46,21.87,1.830023904524956e-09,15106.570797338083,10.262727679797846,103284,0.16966423930134386,0.2573255296841408,0.0,1.699582,0.001281,0.0,0.256282,0.256282,-4.200101879925867e-06,0.09500238232492729,0.0031909835113232577,25812,104.51009879125988,21.949623855617016,59.3,185.92,107.52,85.7,120.02,34.31999999999999,0.0019000132292671989,11404.146736761972,0.5074844058734648,103288,26.50911819378824,4.767437518403146,13.89,33.25,23.33,22.63,31.79,9.16,-0.00010201721543982395,725.4618079041128,0.006781298711357679,1080,0.6643098796296296,0.07290107468153366,0.359391,1.000046,0.65628,0.625029,0.703157,0.07812800000000009,8.835208417816948e-05,0.4466221828632556,0.05398763855421687,1079,12.39613044759098,53.1900192065306,0.3593912124633789,668.3743441104889,0.6875309944152832,0.6406549215316772,0.7500340938568115,0.10937917232513428,0.007757810434332964,2982.842193264787,20.344956712731626
S3,Midterm 1,/Users/parsa/Desktop/projects/github/Attention-Based-Stress-Prediction-Wearables/Data/S3/Midterm 1,True,77.0,0,True,True,True,True,True,True,390816,781627,48852,12203,48848,480,12212.96875,12212.90625,12212.75,12202.0,12211.75,11608.750133991241,781627,-0.0017800178345937407,13.426384676327007,-398.8,288.34,-0.03,-0.64,0.56,1.2000000000000002,-1.3657299444978423e-08,180.2678086451722,0.6377827759056122,48852,0.2366225176860722,0.33493581997105254,0.0,5.054469,0.145084,0.001282,0.284507,0.283225,-9.959714681345475e-07,0.1681722193757769,0.004740033428179567,12203,105.68317954601326,29.026403583519105,58.9,196.88,101.57,81.59,119.41,37.81999999999999,-0.0003200334577008125,12011.466543948209,0.3098016718570726,48848,26.730124467736655,2.817966720962608,22.07,29.85,27.67,23.47,29.51,6.040000000000003,0.00010461288187072188,722.4404905011464,0.00313509529756177,480,0.5545175270833334,0.13996055951016798,0.312514,1.187554,0.5469,0.484397,0.593777,0.10937999999999998,0.00014373485795294061,0.3270786460610146,0.08625130688935281,479,24.235386501025555,59.63529372766741,0.3125138282775879,526.1959619522095,0.5781521797180176,0.5312740802764893,9.93014144897461,9.39886736869812,0.10809430033099991,4143.72221683926,31.40418984800203
S3,Midterm 2,/Users/parsa/Desktop/projects/github/Attention-Based-Stress-Prediction-Wearables/Data/S3/Midterm 2,True,90.0,1,True,True,True,True,True,True,327840,655677,40980,10235,40976,510,10244.96875,10244.9375,10244.75,10234.0,10243.75,8941.253033161163,655677,0.0023770393044135847,136.7069358672158,-2412.63,2721.74,0.0,-26.71,26.36,53.07,2.0981014531261886e-08,18688.78631985337,12.5694038671539,40980,0.5719971969985359,0.48507017354977366,0.0,2.06767,0.548743,0.1293765,0.902502,0.7731255,-1.9954764885617404e-06,0.5624738666417893,0.006436396544571611,10235,97.41239472398632,21.681662977457073,54.08,185.7,93.77,80.69,107.57499999999999,26.88499999999999,0.0010659944391600118,9959.269155329752,0.3604397107680281,40976,28.074951190941036,4.610313073284431,15.95,32.91,29.67,25.97,32.15,6.18,7.503116913518895e-05,809.457871007419,0.006582062233068946,510,0.6360584862745098,0.0811460735364512,0.312514,0.98442,0.640654,0.609403,0.671906,0.06250299999999998,0.00021417730814262404,0.41115508321220395,0.055012345776031445,509,17.56631244235985,101.83866097422133,0.3125150203704834,1861.2570729255676,0.6562809944152832,0.609403133392334,0.7344090938568115,0.12500596046447754,-0.05975971748473608,10679.688201844996,28.99695972194822
S4,Final,/Users/parsa/Desktop/projects/github/Attention-Based-Stress-Prediction-Wearables/Data/S4/Final,True,149.0,0,True,True,True,True,True,True,509334,1018666,63666,15907,63632,1470,15916.65625,15916.640625,15916.25,15906.0,15907.75,13630.764564990997,1018666,0.0006338780326426694,116.61390384976139,-1459.64,1739.74,0.26,-14.6,16.22,30.82,3.4287376557642486e-09,13598.802571483197,9.682629922496602,63666,0.526248128325951,0.6125924235385081,0.0,6.570713,0.391026,0.0,0.598576,0.598576,-1.5132338011049035e-05,0.6522065699433495,0.008314829121181182,15907,92.67081976488339,25.289342531685858,57.63,193.58,84.3,75.68,102.68,27.0,0.0026096398464216207,9227.431681580436,0.28250408650823583,63632,28.376878928840835,4.664282626523781,16.37,32.43,30.73,22.59,31.67,9.080000000000002,-0.00011141159927632974,827.0027901621827,0.005914098474014237,1470,0.8039802136054421,0.10572311809309165,0.375017,1.187554,0.812537,0.76566,0.859414,0.093754,7.644257237947979e-05,0.6575615615683783,0.07088482028590878,1469,9.278941160647378,40.5601608930981,0.3750169277191162,799.177206993103,0.8437881469726562,0.7812860012054443,0.9375429153442383,0.15625691413879395,0.005896764665568025,1731.2254007367603,12.929821710495599
S4,Midterm 1,/Users/parsa/Desktop/projects/github/Attention-Based-Stress-Prediction-Wearables/Data/S4/Midterm 1,True,75.0,0,True,True,True,True,True,True,374202,748396,46776,11684,46776,210,11693.78125,11693.671875,11693.75,11683.0,11693.75,10842.261921167374,748396,-0.00021554097028845588,4.381531599773978,-381.73,272.65,-0.01,-0.47,0.44,0.9099999999999999,-1.6269345364732187e-09,19.197819206275824,0.2467266349988976,46776,0.33990110366427223,0.6815258718908451,0.0,4.440963,0.089955,0.0,0.22833,0.22833,-1.3242399035841258e-05,0.5800102743287668,0.004059451672902191,11684,110.63580280725779,29.929565843591867,56.45,203.17,104.67,88.27,125.72,37.45,-0.002150885127425956,13136.059774392332,0.3238551741847128,46776,25.405084658799385,1.7933132326652195,21.75,27.09,26.49,23.77,26.65,2.879999999999999,8.471453917628228e-05,648.6342988712161,0.003332549438802777,210,0.4822393238095238,0.130542741434622,0.312514,1.046923,0.468771,0.3945495,0.515649,0.12109950000000003,0.00018713831411790917,0.24959617276953336,0.10818380382775121,209,51.87685129745155,68.29455333194038,0.312514066696167,381.8299779891968,23.360445022583008,0.6719059944152832,79.53489112854004,78.86298513412476,-0.0005251772894874102,7355.353715347148,67.80005358274167
S4,Midterm 2,/Users/parsa/Desktop/projects/github/Attention-Based-Stress-Prediction-Wearables/Data/S4/Midterm 2,True,77.0,1,True,True,True,True,True,True,428574,857142,53568,13383,53568,450,13392.90625,13392.828125,13391.75,13382.0,13391.75,13162.415000915527,857142,0.0005161921828588374,134.41268946377528,-2367.24,4442.28,0.0,-12.18,14.39,26.57,3.1513578862723743e-09,18066.771089151738,10.52362929786348,53568,0.49673588954226405,0.8144089054508833,0.0,6.693083,0.207817,0.0,0.703633,0.703633,-2.8181384469193038e-05,0.9100084092370498,0.016229018649541696,13383,94.80819846073378,32.19351258992868,56.75,200.87,80.8,77.92,98.37,20.450000000000003,0.0022594770554768308,10025.01674824778,0.22343371693319383,53568,26.209634109916372,4.067269266556374,14.99,31.57,26.07,22.49,30.49,8.0,-7.297484167787171e-05,703.4875994623656,0.00701327309724272,450,0.6281884311111111,0.20377514447523531,0.32814,1.125051,0.515649,0.468771,0.843789,0.375018,0.0009902754194341698,0.4361450144877422,0.0752749420935412,449,29.31495545860919,263.05518344569344,0.3281400203704834,5255.818706989288,0.6719059944152832,0.48439693450927734,0.9375429153442383,0.45314598083496094,0.1624546362379853,70057.39615118766,46.97128379185285
S5,Final,/Users/parsa/Desktop/projects/github/Attention-Based-Stress-Prediction-Wearables/Data/S5/Final,True,157.0,0,True,True,True,True,True,True,487986,975964,60996,15240,60968,3578,15249.53125,15249.421875,15248.75,15239.0,15241.75,13334.188487052917,975964,0.001028583021504874,83.81381025902932,-1654.29,3975.75,0.46,-14.17,14.31,28.48,6.261606012869108e-09,7024.754791194553,7.010748286564142,60996,0.5420236968653683,0.3529878100862632,0.0,3.671499,0.629211,0.296165,0.770184,0.47401899999999997,-6.736266846515211e-06,0.41839008203309636,0.006466561980490205,15240,95.4044402887139,14.98894827296992,56.38,139.68,95.6,83.9,104.97,21.069999999999993,0.0007053391602085411,9326.675797132546,0.29811208084519986,60968,30.18571840965753,4.90606602813489,17.07,34.0,33.05,28.31,33.33,5.02,-8.942035122334176e-05,935.2470797795564,0.005770990863910003,3578,0.6118746668529905,0.08064057087989489,0.343766,1.765706,0.593777,0.562526,0.640654,0.07812799999999998,2.2338762617275416e-05,0.3808935096082935,0.0484060838691641,3577,3.7277574747142626,17.140324483901566,0.406268835067749,486.91291308403015,0.609403133392334,0.5781509876251221,0.6875319480895996,0.10938096046447754,0.00025415739390713025,307.68689920372356,5.405453202241753
S5,Midterm 1,/Users/parsa/Desktop/projects/github/Attention-Based-Stress-Prediction-Wearables/Data/S5/Midterm 1,True,67.0,0,True,True,True,True,True,True,384036,768075,48006,11992,48000,240,12001.09375,12001.15625,12001.25,11991.0,11999.75,11262.156142950058,768075,3.4488819451223754e-05,5.93598315049889,-388.14,276.73,-0.01,-0.5,0.47,0.97,3.7270396020287703e-10,35.2358959641962,0.32827023177454256,48006,0.1472828707453235,0.2280968647154723,0.0,3.086022,0.136063,0.0,0.203962,0.203962,-5.43697403182192e-07,0.07372042370801216,0.003433271284241225,11992,108.25669029352902,28.102857151866452,50.0,205.02,104.52,87.08,122.97,35.89,-0.0025278973088732146,12509.281573407272,0.34695438245350685,48000,26.80674833333333,2.6166815230995453,22.17,29.23,28.67,23.59,28.99,5.399999999999999,9.686424075384674e-05,725.4487784,0.0031117314944061284,240,0.5082263541666666,0.12931738427364947,0.312514,1.20318,0.500023,0.43752,0.562526,0.12500599999999995,-2.4417902220522937e-06,0.2750170129449208,0.11212598326359834,239,47.12199222991656,90.86164124939029,0.3125150203704834,653.2642779350281,4.375200033187866,0.5312739610671997,61.76063942909241,61.22936546802521,0.23504224408339744,10476.32000224922,53.22479714165215
S5,Midterm 2,/Users/parsa/Desktop/projects/github/Attention-Based-Stress-Prediction-Wearables/Data/S5/Midterm 2,True,77.0,1,True,True,True,True,True,True,384522,769043,48066,12007,48064,4096,12016.28125,12016.28125,12016.25,12006.0,12015.75,8946.534523010254,769043,0.0011795179203243408,54.59086247428109,-1387.05,1474.05,0.29,-11.23,11.65,22.880000000000003,9.06488861208157e-09,2980.1622670771335,5.420781049669588,48066,0.3756013173136937,0.31583024971827334,0.0,1.619451,0.504959,0.0,0.627999,0.627999,-8.028396536729484e-06,0.2408250962048889,0.0037592599188598767,12007,113.31848255184475,18.522482824849455,58.37,195.53,111.07,105.07,120.81,15.740000000000009,0.0017207789905033153,13184.160857849587,0.3859087123105115,48064,28.219405792276966,5.331656521641286,13.91,33.41,31.67,22.29,32.66,10.369999999999997,-0.00011903036234576895,824.7614245339546,0.006010444624763326,4096,0.5469686625976562,0.04286646504367661,0.312514,0.812537,0.5469,0.515649,0.578151,0.06250199999999995,-1.1647081515089055e-05,0.30101225168920953,0.029049672039072032,4095,2.1847459152650193,18.424848033249717,0.3281400203704834,935.2459349632263,0.5469000339508057,0.5312738418579102,0.5781519412994385,0.04687809944152832,0.00014807521043271244,344.2481397626131,3.0810980133504824
S6,Final,/Users/parsa/Desktop/projects/github/Attention-Based-Stress-Prediction-Wearables/Data/S6/Final,True,175.0,1,True,True,True,True,True,True,765486,1530969,95682,23912,95656,4426,23921.40625,23921.375,23920.25,23911.0,23913.75,23411.181005954742,1530969,0.0006259891611129903,42.010761995775646,-1198.99,1352.69,0.59,-8.54,10.47,19.009999999999998,2.429575777328468e-09,1764.9041238575699,5.144893642453663,95682,0.1297206186848101,0.18865063039572622,0.0,3.559353,0.002562,0.0,0.211648,0.211648,-3.8040345936555742e-06,0.05241649926067481,0.003651365370345209,23912,103.86028521244562,31.561015205978446,56.9,198.7,97.27,74.87,126.88,52.00999999999999,0.0031721415434187218,11783.056525242557,0.4611898289490192,95656,27.04780588776449,4.920428794210742,16.31,33.45,23.75,22.75,32.25,9.5,-0.00010419615589461509,755.7944228610855,0.006402801735403285,4426,0.8118946023497515,0.12951367125975496,0.312514,1.20318,0.828163,0.750034,0.906291,0.15625699999999998,2.407245322089621e-05,0.6759466363678409,0.06382001107344633,4425,5.29066237422706,142.15839519192414,0.3125138282775879,9348.443543195724,0.8437891006469727,0.7656600475311279,0.9219181537628174,0.15625810623168945,0.0031171413705865705,20237.00043190135,8.351884804140594
S6,Midterm 1,/Users/parsa/Desktop/projects/github/Attention-Based-Stress-Prediction-Wearables/Data/S6/Midterm 1,True,71.0,0,True,True,True,True,True,True,356910,713823,44610,11144,44608,480,11153.40625,11153.46875,11152.25,11143.0,11151.75,10301.346536874771,713823,6.90647401386656e-06,4.864496764035083,-377.91,268.55,0.0,-0.49,0.48,0.97,1.5625850503376465e-10,23.66332876735549,0.3044065887574213,44610,0.5924046030934769,0.6060863080425887,0.0,2.877974,0.526799,0.0,1.045812,1.045812,8.605135840845084e-06,0.7182838265630356,0.005931181644959538,11144,107.04559314429288,23.509342293626695,60.63,175.12,106.03,89.92,119.67,29.75,-0.0029464283306519573,12011.448186692392,0.3313820335636723,44608,27.983746413199427,3.700253797119448,22.37,32.31,28.89,23.39,31.69,8.3,0.00021839597040419027,796.7819414813489,0.003071266841527121,480,0.5294512645833334,0.11777623196533718,0.312514,1.53132,0.531274,0.484397,0.578151,0.09375399999999995,0.00014851116655237152,0.2941898823848437,0.08843693528183715,479,21.505942665709334,58.66300655326195,0.3125138282775879,626.8880701065063,0.5781509876251221,0.5156490802764893,5.140860557556152,4.625211477279663,-0.164602164333141,3903.8539078088315,28.993743492469626
S6,Midterm 2,/Users/parsa/Desktop/projects/github/Attention-Based-Stress-Prediction-Wearables/Data/S6/Midterm 2,True,64.0,0,True,True,True,True,True,True,454080,908160,56760,14181,56760,1560,14189.96875,14189.984375,14189.75,14180.0,14189.75,13176.415641784668,908160,0.0008994560429880232,48.95968289308853,-1205.48,1764.06,0.2,-6.3,6.78,13.08,5.882187882891991e-09,2397.050549800806,4.734473390672779,56760,0.20533547265680055,0.29243191141004365,0.0,3.935066,0.0,0.0,0.367942,0.367942,-5.226465180411271e-06,0.12767907914212334,0.003945234975950951,14181,104.69295183696495,27.58322840511459,54.03,204.57,104.42,79.77,121.48,41.71000000000001,0.0018371364278051356,11721.448653585783,0.41172919605077574,56760,26.925979563072584,5.634894410724948,14.83,34.34,23.11,22.57,33.61,11.04,-7.73807976388987e-05,756.7604104510219,0.0068390915978082745,1560,0.7351898435897435,0.13837526824881194,0.343766,1.20318,0.750034,0.671906,0.812537,0.14063099999999995,-3.886321483910143e-06,0.5596518209804423,0.06818584541372674,1559,8.451838128149241,49.568987351605685,0.3437659740447998,1085.0965440273285,0.7812860012054443,0.7031570672988892,0.8906660079956055,0.1875089406967163,0.007022525761355278,2528.518074808083,12.086089604932322
S7,Final,/Users/parsa/Desktop/projects/github/Attention-Based-Stress-Prediction-Wearables/Data/S7/Final,True,110.0,0,True,True,True,True,True,True,628770,1257531,78594,19639,78592,1080,19649.03125,19648.90625,19648.25,19638.0,19647.75,13406.832436084747,1257531,0.0007275287845786972,79.94439764443906,-1824.59,4458.49,0.17,-6.27,7.24,13.51,3.4429227217891582e-09,6391.106715261492,6.641684110915842,78594,0.212143156640456,0.3436016444216889,0.0,1.706552,0.023056,0.0,0.38298,0.38298,-7.260422020689176e-06,0.1630668089586658,0.006308888476072933,19639,101.22818371607515,24.397153228851064,54.88,167.08,96.08,79.7,122.63,42.92999999999999,0.00256922990751375,10842.366264127502,0.4376672777268561,78592,25.964928745928336,3.3350789012399913,16.31,30.21,27.61,23.23,28.37,5.140000000000001,-6.323376012842056e-05,685.300276058632,0.006497690575256713,1080,0.6785176935185185,0.1327007595261259,0.32814,1.296934,0.703157,0.625029,0.76566,0.14063100000000006,0.00022114684096094,0.47799575199650085,0.06421169786839666,1079,12.425238587659637,55.91194574424348,0.3281400203704834,1246.822697877884,0.734407901763916,0.6562798023223877,0.8203500509262085,0.1640702486038208,0.013396960324178413,3280.532230867493,19.106857971490424
S7,Midterm 1,/Users/parsa/Desktop/projects/github/Attention-Based-Stress-Prediction-Wearables/Data/S7/Midterm 1,True,64.0,0,True,True,True,True,True,True,396276,792550,49536,12374,49528,240,12383.59375,12383.578125,12383.75,12373.0,12381.75,11246.264791965485,792550,1.6692953125985125e-05,4.559183296206375,-368.55,260.48,-0.02,-0.47,0.43,0.8999999999999999,2.0473076839736865e-10,20.78615232868589,0.2644148058984366,49536,0.15194415203084624,0.17813954058411532,0.0,3.34075,0.134515,0.0,0.258782,0.258782,-3.6334746633163013e-07,0.05482072125589258,0.0037107074997476527,12374,112.38305640859868,28.0617193113119,58.13,194.68,109.50999999999999,91.05,125.73,34.68000000000001,-0.0009312571949114271,13417.411458445125,0.3283868099894933,49528,25.533605233403325,1.7337302649934416,22.21,27.17,26.63,23.53,26.99,3.4599999999999973,6.967828787067637e-05,654.970816847036,0.0030387465422900615,240,0.5017156125000001,0.1728425752795609,0.312514,1.42194,0.468771,0.390643,0.562526,0.17188299999999995,0.00010087676391951195,0.28159311165552076,0.11487191631799162,239,47.05550122161291,73.80370812830954,0.3125138282775879,494.9445309638977,10.953625917434692,0.5469000339508057,65.4795595407486,64.93265950679779,-0.16458657735519316,7661.207528705915,61.28372691759542
S7,Midterm 2,/Users/parsa/Desktop/projects/github/Attention-Based-Stress-Prediction-Wearables/Data/S7/Midterm 2,True,33.0,0,True,True,True,True,True,True,346044,692087,43254,10804,43256,210,10813.84375,10813.84375,10813.25,10803.0,10813.75,10587.594016075134,692087,0.0005835971489133871,132.00335761655197,-2284.79,2582.26,0.03,-16.06,17.39,33.45,4.545323095980013e-09,17424.88642238389,11.147460749097656,43254,0.26332509871919363,0.3300284009336103,0.0,1.811692,0.161399,0.0,0.399922,0.399922,5.320748538264934e-06,0.17825885303826886,0.008329603541950848,10804,98.94739726027399,22.856584975677503,55.42,168.73,96.515,79.82,115.53,35.71000000000001,6.790502852793882e-05,10313.01090133284,0.39834582986207534,43256,24.881287220270018,3.2441598532586062,15.99,29.23,26.57,21.93,27.83,5.899999999999999,6.0497286661737994e-05,629.6030268910671,0.0064690787192232015,210,0.6560567571428573,0.16163711421235585,0.312514,1.062549,0.687531,0.531274,0.76566,0.23438599999999998,-0.00020451117518051996,0.45653702528370005,0.07222221052631579,209,50.658344574522175,182.13231187482432,0.312514066696167,1615.8239629268646,0.7656600475311279,0.6406550407409668,6.6409289836883545,6.000273942947388,0.20694614217649748,35738.44690389929,91.06704420424424
S8,Final,/Users/parsa/Desktop/projects/github/Attention-Based-Stress-Prediction-Wearables/Data/S8/Final,True,184.0,1,True,True,True,True,True,True,572694,1145397,71586,17887,71584,240,17896.65625,17896.8125,17896.25,17886.0,17895.75,13047.956637144089,1145397,0.0007341821220066233,104.998000059141,-2340.47,1783.5,0.31,-17.44,22.19,39.63,3.72690203741102e-09,11024.5800169584,10.985833039402968,71586,0.5341993654066436,0.5654087016662848,0.0,3.789544,0.453646,0.005126,0.857581,0.8524550000000001,-8.519410618915285e-06,0.6050559619208148,0.014119124565202208,17887,102.17150612176441,26.96809463205084,56.37,175.93,93.23,80.42,125.77,45.349999999999994,0.003098227401929315,11166.294791272992,0.3965235379626524,71584,29.274745194456862,5.138958390707393,16.83,34.79,32.25,23.65,33.55,9.899999999999999,-0.00013045683890783077,883.419599541797,0.00549236550577652,240,0.6062777125,0.11429403236709186,0.343766,0.953169,0.609403,0.5469,0.687531,0.14063099999999995,0.0007662701908887338,0.3806357905089625,0.07283278661087866,239,54.59396082487066,265.1321606527386,0.3437650203704834,3435.4228801727295,0.6562800407409668,0.5781519412994385,0.8594144582748413,0.28126251697540283,-0.09836463570125357,73275.5631709371,92.82534939902169
S8,Midterm 1,/Users/parsa/Desktop/projects/github/Attention-Based-Stress-Prediction-Wearables/Data/S8/Midterm 1,True,92.0,1,True,True,True,True,True,True,344970,689942,43122,10771,43120,210,10780.28125,10780.328125,10780.25,10770.0,10779.75,10568.311882019043,689942,3.326366564145935e-05,2.9873624018802087,-376.9,265.26,-0.01,-0.44,0.42,0.86,4.2533620578222624e-10,8.924334121273962,0.2113691460574165,43122,0.4206124305922731,0.4524759455860375,0.0,2.213893,0.360119,0.001282,0.751263,0.749981,1.8150688554857568e-05,0.38164929810271847,0.01952914563669673,10771,113.6724231733358,29.516010881741884,51.0,200.33,107.67,89.57,133.20999999999998,43.639999999999986,-0.0033120869277569807,13792.614688469035,0.3193175487465181,43120,27.06935435992579,2.8429873152072003,22.55,30.23,27.91,23.47,29.67,6.200000000000003,0.0001903097268494888,740.8325223376623,0.003370671861592341,210,0.43379957619047627,0.09400258108698731,0.312514,0.890666,0.406269,0.359391,0.484397,0.125006,9.11316421168665e-07,0.19701855755405243,0.08425930143540669,209,50.566085559899726,72.90137026304325,0.3281400203704834,424.75381779670715,19.54776906967163,0.48439812660217285,68.1124918460846,67.62809371948242,0.08379323703770462,7871.538795080424,65.72649118533501
S8,Midterm 2,/Users/parsa/Desktop/projects/github/Attention-Based-Stress-Prediction-Wearables/Data/S8/Midterm 2,True,88.0,1,True,True,True,True,True,True,318768,637538,39846,9952,39840,60,9961.46875,9961.515625,9961.25,9951.0,9959.75,8961.457081079483,637538,0.0019044511856547949,140.36781609923756,-2422.88,2562.42,-0.08,-31.82,33.66,65.47999999999999,1.7398218128817477e-08,19703.12380009631,14.468655387844157,39846,0.10869093289163277,0.22166392460801698,0.0,1.843211,0.00897,0.001281,0.130712,0.129431,5.1334039873106316e-06,0.06094861436548206,0.012721450119211946,9952,102.70056370578779,21.20443638300489,65.95,164.73,100.63,83.42,119.32,35.89999999999999,-0.0015902820968551287,10997.033907807478,0.3666646568184102,39840,28.509378514056223,5.462431254132605,15.01,34.34,31.41,22.21,33.13,10.920000000000002,0.0001548058160726375,842.6228184638554,0.013217199226888233,60,0.6273724666666667,0.1404526207444426,0.32814,1.078174,0.609403,0.562526,0.671906,0.10938000000000003,0.004494945484856911,0.41332315060540004,0.07018320338983051,59,151.88910306914377,581.03710207637,0.46877098083496094,4193.660714149475,0.6719050407409668,0.5937769412994385,2.039155602455139,1.4453786611557007,0.9951763246158355,360674.41362045513,267.27085494172985
S9,Final,/Users/parsa/Desktop/projects/github/Attention-Based-Stress-Prediction-Wearables/Data/S9/Final,True,126.0,0,True,True,True,True,True,True,454602,909205,56826,14197,56824,3338,14206.28125,14206.3125,14206.25,14196.0,14205.75,13581.684195041656,909205,0.0012970012263460874,68.90841262925177,-1962.36,2123.29,1.04,-20.21,22.29,42.5,8.371378109984675e-09,4748.369332765437,5.838898344046001,56826,0.4012260046985535,0.2748676154098043,0.0,1.68026,0.526627,0.029471,0.62529,0.595819,4.501205161472791e-06,0.23653451284743574,0.016721064513858335,14197,86.70344579840813,14.052562575128789,56.75,164.55,82.8,77.95,90.22,12.269999999999996,-0.00019740746623299167,7714.962028245404,0.21255635390250774,56824,30.80843798395044,5.529064665712788,17.46,34.66,33.71,32.15,34.16,2.009999999999998,-1.666907563232244e-05,979.730407088554,0.006355525051475628,3338,0.7295776123427202,0.09338488870197832,0.32814,1.406314,0.734409,0.687531,0.781286,0.09375500000000003,3.212943499549952e-05,0.5410042298695854,0.06022711417440815,3337,4.070028227462289,23.14316625263078,0.3281400203704834,995.6549501419067,0.7500340938568115,0.6875321865081787,0.8281631469726562,0.14063096046447754,0.0013553633630853015,552.1712739692482,5.708102861968733
S9,Midterm 1,/Users/parsa/Desktop/projects/github/Attention-Based-Stress-Prediction-Wearables/Data/S9/Midterm 1,True,80.0,1,True,True,True,True,True,True,405810,811624,50724,12672,50720,240,12681.53125,12681.609375,12680.75,12671.0,12679.75,12328.454953193665,811624,-3.616206519274888e-05,13.63221630982627,-405.6,296.99,-0.02,-0.57,0.52,1.0899999999999999,-1.757547499972481e-10,185.83732151920103,0.5659914886591434,50724,0.16641479743316775,0.14804031277148907,0.0,1.1766,0.194774,0.014096,0.322915,0.308819,1.1003617910261438e-06,0.04960981901020257,0.003991069909114209,12672,108.35460227272728,27.41990611445267,59.72,205.53,104.05,87.27,124.33,37.06,-0.0009648490042322177,12492.571085006313,0.36673664272748796,50720,26.369618296529968,2.397676460556659,22.17,28.75,27.57,23.59,28.51,4.920000000000002,7.037965669631184e-05,701.1056215141956,0.0031392574774739244,240,0.49878582916666664,0.15519062578428067,0.312514,1.265683,0.476584,0.390643,0.531274,0.140631,-0.00015975243797635273,0.2728714337087958,0.11990607531380752,239,51.58349352800696,70.09596688851322,0.3281400203704834,352.25049901008606,18.344590187072754,0.5468999147415161,82.8319171667099,82.28501725196838,0.10295356679015516,7574.301378589479,63.207528265584415
S9,Midterm 2,/Users/parsa/Desktop/projects/github/Attention-Based-Stress-Prediction-Wearables/Data/S9/Midterm 2,True,39.0,0,True,True,True,True,True,True,397812,795619,49728,12422,49720,540,12431.59375,12431.53125,12431.75,12421.0,12429.75,7891.033082962036,795619,0.0012693889914645402,86.76740980494448,-1280.3,3792.8,0.28,-12.42,13.45,25.869999999999997,9.47103951959915e-09,7528.583405870523,7.701908956308179,49728,0.3166945053692085,0.49004583172600485,0.0,3.924276,0.201157,0.014094,0.380532,0.366438,-7.143013923785441e-06,0.3404403269230795,0.003854790656987149,12422,103.10692964095959,22.226426064327594,62.83,169.32,97.33,85.25,119.42,34.17,0.0016041581817520536,11125.05295557881,0.41799291522421705,49720,27.85581496379727,5.690793034859087,12.51,33.59,31.09,22.29,33.13,10.840000000000003,-8.576092133094327e-05,808.3315526629123,0.006353305577344693,540,0.6682886537037037,0.0809539680394592,0.32814,1.109426,0.671906,0.625029,0.718783,0.093754,0.0002427536791202216,0.4531632696104426,0.06108234137291281,539,14.640135589911013,60.02867491706303,0.3750169277191162,1067.5019891262054,0.6875319480895996,0.6406538486480713,1.7578929662704468,1.1172391176223755,-0.014791302974200254,3817.775382389411,22.331122153310528
S10,Final,/Users/parsa/Desktop/projects/github/Attention-Based-Stress-Prediction-Wearables/Data/S10/Final,True,116.0,0,True,True,True,True,True,True,738348,1476695,92292,23064,92288,2168,23073.34375,23073.34375,23072.75,23063.0,23071.75,13530.72873711586,1476695,0.00037147142774914785,64.56461114332451,-1157.72,1754.35,0.3,-6.77,7.58,14.35,1.4920984288397157e-09,4168.5890122266965,5.240402324381354,92292,0.11109505347159017,0.15194276147195815,0.0,6.985178,0.023063,0.0205,0.200143,0.179643,-2.081437492431634e-06,0.035428713669579844,0.002305973117638773,23064,105.47372918834547,27.31180174720864,56.52,187.67,99.91,81.415,126.535,45.11999999999999,0.0028680839782109975,11870.64206357527,0.457672895980575,92288,26.331470613730925,4.436817631317661,17.23,32.03,23.65,22.75,30.73,7.98,-9.425947294532068e-05,713.0316953753469,0.00495411054644749,2168,0.7146025493542435,0.08957503053711176,0.343766,1.062549,0.718783,0.671906,0.76566,0.093754,4.426437397627561e-06,0.5186804896393086,0.058854242270419944,2167,6.243991110805657,28.02586721908542,0.3750169277191162,1031.0940718650818,0.7500338554382324,0.6875309944152832,0.8437888622283936,0.15625786781311035,-0.0003696169523956605,824.4366583736269,9.421722020248737
S10,Midterm 1,/Users/parsa/Desktop/projects/github/Attention-Based-Stress-Prediction-Wearables/Data/S10/Midterm 1,True,89.0,1,True,True,True,True,True,True,373986,747978,46746,11678,46744,270,11687.03125,11687.140625,11686.25,11677.0,11685.75,10772.149338960648,747978,-1.1163429940453302e-05,10.616013058107901,-406.0,295.35,0.0,-0.51,0.51,1.02,3.1484376798736946e-12,112.69973325004212,0.4377828730027795,46746,0.20156642213237494,0.16641942745779847,0.0,1.614813,0.279597,0.020501,0.356477,0.335976,3.480172630470178e-06,0.06832444836662822,0.002738705679751845,11678,106.6022598047611,27.53047856990579,49.0,191.6,102.93,84.52,123.18,38.66000000000001,-0.0032431200674841085,12121.969045769823,0.3409591504667295,46744,26.022988190997776,2.2783357932984054,22.09,28.35,27.01,23.17,28.13,4.959999999999997,0.0001161378317350691,682.3867283758344,0.00328648139828424,270,0.5129864,0.1540896908727583,0.312514,1.125051,0.49221000000000004,0.406269,0.562526,0.15625699999999998,0.0003182345003970495,0.2868986794182222,0.1044425278810409,269,40.04516482884999,76.94320560712474,0.312514066696167,624.7004709243774,4.70334005355835,0.5469000339508057,44.861428022384644,44.31452798843384,-0.08223630512503788,7523.8721152700355,55.696054595619884
S10,Midterm 2,/Users/parsa/Desktop/projects/github/Attention-Based-Stress-Prediction-Wearables/Data/S10/Midterm 2,True,64.0,0,True,True,True,True,True,True,415746,831490,51966,12982,51968,1860,12992.03125,12992.015625,12991.25,12981.0,12991.75,10361.177400827408,831490,0.0016394664998977467,64.35834230175671,-1188.56,1499.57,0.43,-8.5,9.47,17.97,1.1853816904992539e-08,4141.996226517937,5.8173065548672325,51966,0.16906949898010237,0.23620923033644656,0.0,7.412322,0.025625,0.019219,0.320313,0.30109400000000003,-2.780000848490795e-06,0.0843792959815193,0.0022989210622534396,12982,107.40083731320289,26.292487406819763,60.07,191.7,104.03,85.65,125.02,39.36999999999999,0.001702107942873979,12226.234749614852,0.4173884908712734,51968,26.06158020320197,4.637231604458513,17.57,32.18,24.36,21.91,30.61,8.7,-5.5947655331703255e-05,700.7098796413178,0.005859872611464974,1860,0.6753080768817203,0.08411959355869221,0.312514,1.062549,0.687531,0.640654,0.718783,0.078129,-1.1703527275292853e-06,0.4631171047221672,0.04944078483055407,1859,5.57352200152093,30.386802991374527,0.312514066696167,673.5933330059052,0.7031569480895996,0.6562800407409668,0.7500350475311279,0.09375500679016113,-0.0001687173051707819,954.4219435380458,8.349968555155817
